-- phpMyAdmin SQL Dump
-- version 5.0.3
-- https://www.phpmyadmin.net/
--
-- Host: 127.0.0.1
-- Generation Time: Dec 05, 2020 at 10:55 AM
-- Server version: 10.4.14-MariaDB
-- PHP Version: 7.4.11

SET SQL_MODE = "NO_AUTO_VALUE_ON_ZERO";
START TRANSACTION;
SET time_zone = "+00:00";


/*!40101 SET @OLD_CHARACTER_SET_CLIENT=@@CHARACTER_SET_CLIENT */;
/*!40101 SET @OLD_CHARACTER_SET_RESULTS=@@CHARACTER_SET_RESULTS */;
/*!40101 SET @OLD_COLLATION_CONNECTION=@@COLLATION_CONNECTION */;
/*!40101 SET NAMES utf8mb4 */;

--
-- Database: `titangym`
--

-- --------------------------------------------------------

--
-- Table structure for table `address`
--

CREATE TABLE `address` (
  `id` varchar(20) NOT NULL,
  `streetName` varchar(40) NOT NULL,
  `state` varchar(15) NOT NULL,
  `city` varchar(15) NOT NULL,
  `zipcode` varchar(20) DEFAULT NULL
) ENGINE=InnoDB DEFAULT CHARSET=latin1 ROW_FORMAT=DYNAMIC;

--
-- Dumping data for table `address`
--

INSERT INTO `address` (`id`, `streetName`, `state`, `city`, `zipcode`) VALUES
('1529336794', '2069  Quarry Drive', 'NC', 'Greensboro', '27409'),
('1606470121', 'Palm Beach Road', 'Maharashtra', 'Vashi', '402107'),
('1606572013', 'Road no 16', 'Maharashtra', 'Nerul', '100604'),
('1606574492', 'Road no 18', 'Maharashtra', 'Mumbai', '400604');

-- --------------------------------------------------------

--
-- Table structure for table `admin`
--

CREATE TABLE `admin` (
  `username` varchar(20) NOT NULL,
  `pass_key` varchar(20) NOT NULL,
  `securekey` varchar(20) NOT NULL,
  `Full_name` varchar(50) DEFAULT NULL
) ENGINE=InnoDB DEFAULT CHARSET=latin1 ROW_FORMAT=DYNAMIC;

--
-- Dumping data for table `admin`
--

INSERT INTO `admin` (`username`, `pass_key`, `securekey`, `Full_name`) VALUES
('parth111999', '12345678', 'admin', 'Parth Shah');

-- --------------------------------------------------------

--
-- Table structure for table `enrolls_to`
--

CREATE TABLE `enrolls_to` (
  `et_id` int(5) NOT NULL,
  `pid` varchar(8) NOT NULL,
  `uid` varchar(20) NOT NULL,
  `paid_date` varchar(15) DEFAULT NULL,
  `expire` varchar(15) DEFAULT NULL,
  `renewal` varchar(15) DEFAULT NULL
) ENGINE=InnoDB DEFAULT CHARSET=latin1 ROW_FORMAT=DYNAMIC;

--
-- Dumping data for table `enrolls_to`
--

INSERT INTO `enrolls_to` (`et_id`, `pid`, `uid`, `paid_date`, `expire`, `renewal`) VALUES
(1, 'POQKJC', '1529336794', '2018-06-18', '2018-07-18', 'no'),
(2, 'POQKJC', '1606470121', '2020-11-27', '2020-12-27', 'no'),
(3, 'POQKJC', '1606470121', '2020-11-27', '2020-12-27', 'yes'),
(4, 'POQKJC', '1606572013', '2020-11-28', '2020-12-28', 'yes'),
(5, 'CLDVXQ', '1606574492', '2020-11-28', '2021-11-28', 'yes'),
(6, 'AMTPDC', '1529336794', '2020-11-28', '2021-09-28', 'yes');

-- --------------------------------------------------------

--
-- Table structure for table `health_status`
--

CREATE TABLE `health_status` (
  `hid` int(5) NOT NULL,
  `calorie` varchar(8) DEFAULT NULL,
  `height` varchar(8) DEFAULT NULL,
  `weight` varchar(8) DEFAULT NULL,
  `fat` varchar(8) DEFAULT NULL,
  `remarks` varchar(200) DEFAULT NULL,
  `uid` varchar(20) NOT NULL
) ENGINE=InnoDB DEFAULT CHARSET=latin1 ROW_FORMAT=DYNAMIC;

--
-- Dumping data for table `health_status`
--

INSERT INTO `health_status` (`hid`, `calorie`, `height`, `weight`, `fat`, `remarks`, `uid`) VALUES
(1, NULL, NULL, NULL, NULL, NULL, '1529336794'),
(2, NULL, NULL, NULL, NULL, NULL, '1606470121'),
(3, '800', '150', '100', '', 'Diabetic', '1606572013'),
(4, '800', '150', '100', '10%', 'Diabetic', '1606574492');

-- --------------------------------------------------------

--
-- Table structure for table `plan`
--

CREATE TABLE `plan` (
  `pid` varchar(8) NOT NULL,
  `planName` varchar(20) NOT NULL,
  `description` varchar(200) NOT NULL,
  `validity` varchar(20) NOT NULL,
  `amount` int(10) NOT NULL,
  `active` varchar(255) DEFAULT NULL
) ENGINE=InnoDB DEFAULT CHARSET=latin1 ROW_FORMAT=DYNAMIC;

--
-- Dumping data for table `plan`
--

INSERT INTO `plan` (`pid`, `planName`, `description`, `validity`, `amount`, `active`) VALUES
('AMTPDC', 'Muscle Gain', 'Special plan for Muscle Gainers', '10', 40000, 'yes'),
('CLDVXQ', 'Fat Loss ', 'Special plan for fat aunties', '12', 50000, 'yes'),
('POQKJC', 'Monthly Plan', 'A monthly subscription that unlocks the entire Gym Plan app and coach support on chat.', '1', 6000, 'yes');

-- --------------------------------------------------------

--
-- Table structure for table `timetable`
--

CREATE TABLE `timetable` (
  `tid` int(12) NOT NULL,
  `tname` varchar(45) DEFAULT NULL,
  `day1` varchar(200) DEFAULT NULL,
  `day2` varchar(200) DEFAULT NULL,
  `day3` varchar(200) DEFAULT NULL,
  `day4` varchar(200) DEFAULT NULL,
  `day5` varchar(200) DEFAULT NULL,
  `day6` varchar(200) DEFAULT NULL
) ENGINE=InnoDB DEFAULT CHARSET=latin1 ROW_FORMAT=DYNAMIC;

--
-- Dumping data for table `timetable`
--

INSERT INTO `timetable` (`tid`, `tname`, `day1`, `day2`, `day3`, `day4`, `day5`, `day6`) VALUES
(1, 'Muscle Gain', 'Biceps', 'Legs', 'Shoulder', 'Back', 'Abs', 'Ghar pe Baitho');

-- --------------------------------------------------------

--
-- Table structure for table `users`
--

CREATE TABLE `users` (
  `userid` varchar(20) NOT NULL,
  `username` varchar(40) NOT NULL,
  `gender` varchar(8) NOT NULL,
  `mobile` varchar(20) NOT NULL,
  `email` varchar(20) NOT NULL,
  `dob` varchar(10) NOT NULL,
  `joining_date` varchar(10) NOT NULL
) ENGINE=InnoDB DEFAULT CHARSET=latin1 ROW_FORMAT=DYNAMIC;

--
-- Dumping data for table `users`
--

INSERT INTO `users` (`userid`, `username`, `gender`, `mobile`, `email`, `dob`, `joining_date`) VALUES
('1529336794', 'Parth Shah', 'Male', '3362013747', 'parth111999@gmail.co', '1999-09-11', '2018-06-18'),
('1606470121', 'Rutuja Shelar', 'Female', '1234567890', 'rutujashelar07@gmail', '2000-11-07', '2020-11-25'),
('1606572013', 'Nisha Tapase', 'Female', '1234567890', 'nishatapase@gmail.co', '1999-09-17', '2020-11-25'),
('1606574492', 'Smruti More', 'Female', '1234567890', 'smrutimore@gmail.com', '2020-11-04', '2020-11-25');

--
-- Indexes for dumped tables
--

--
-- Indexes for table `address`
--
ALTER TABLE `address`
  ADD KEY `userID` (`id`) USING BTREE;

--
-- Indexes for table `admin`
--
ALTER TABLE `admin`
  ADD PRIMARY KEY (`username`) USING BTREE;

--
-- Indexes for table `enrolls_to`
--
ALTER TABLE `enrolls_to`
  ADD PRIMARY KEY (`et_id`) USING BTREE,
  ADD KEY `user_ID` (`uid`) USING BTREE,
  ADD KEY `plan_ID_idx` (`pid`) USING BTREE;

--
-- Indexes for table `health_status`
--
ALTER TABLE `health_status`
  ADD PRIMARY KEY (`hid`) USING BTREE,
  ADD KEY `userID_idx` (`uid`) USING BTREE;

--
-- Indexes for table `plan`
--
ALTER TABLE `plan`
  ADD PRIMARY KEY (`pid`) USING BTREE,
  ADD KEY `pid` (`pid`) USING BTREE;

--
-- Indexes for table `timetable`
--
ALTER TABLE `timetable`
  ADD PRIMARY KEY (`tid`) USING BTREE;

--
-- Indexes for table `users`
--
ALTER TABLE `users`
  ADD PRIMARY KEY (`userid`) USING BTREE,
  ADD UNIQUE KEY `email` (`email`) USING BTREE,
  ADD KEY `userid` (`userid`) USING BTREE;

--
-- AUTO_INCREMENT for dumped tables
--

--
-- AUTO_INCREMENT for table `enrolls_to`
--
ALTER TABLE `enrolls_to`
  MODIFY `et_id` int(5) NOT NULL AUTO_INCREMENT, AUTO_INCREMENT=7;

--
-- AUTO_INCREMENT for table `health_status`
--
ALTER TABLE `health_status`
  MODIFY `hid` int(5) NOT NULL AUTO_INCREMENT, AUTO_INCREMENT=5;

--
-- AUTO_INCREMENT for table `timetable`
--
ALTER TABLE `timetable`
  MODIFY `tid` int(12) NOT NULL AUTO_INCREMENT, AUTO_INCREMENT=2;

--
-- Constraints for dumped tables
--

--
-- Constraints for table `address`
--
ALTER TABLE `address`
  ADD CONSTRAINT `userID` FOREIGN KEY (`id`) REFERENCES `users` (`userid`) ON DELETE CASCADE ON UPDATE NO ACTION;

--
-- Constraints for table `enrolls_to`
--
ALTER TABLE `enrolls_to`
  ADD CONSTRAINT `plan_ID` FOREIGN KEY (`pid`) REFERENCES `plan` (`pid`) ON DELETE NO ACTION ON UPDATE NO ACTION,
  ADD CONSTRAINT `user_ID` FOREIGN KEY (`uid`) REFERENCES `users` (`userid`) ON DELETE CASCADE ON UPDATE NO ACTION;

--
-- Constraints for table `health_status`
--
ALTER TABLE `health_status`
  ADD CONSTRAINT `uID` FOREIGN KEY (`uid`) REFERENCES `users` (`userid`) ON DELETE CASCADE ON UPDATE NO ACTION;
COMMIT;

/*!40101 SET CHARACTER_SET_CLIENT=@OLD_CHARACTER_SET_CLIENT */;
/*!40101 SET CHARACTER_SET_RESULTS=@OLD_CHARACTER_SET_RESULTS */;
/*!40101 SET COLLATION_CONNECTION=@OLD_COLLATION_CONNECTION */;
